film_id,category_id,last_update,,,,,
1,6,2006/2/15 12:07,,,,,
2,11,2006/2/15 12:07,,,,,
3,6,2006/2/15 12:07,,,,,
4,11,2006/2/15 12:07,,,,,
5,8,2006/2/15 12:07,,,,,
6,9,2006/2/15 12:07,,,,,
7,5,2006/2/15 12:07,,,,,
8,11,2006/2/15 12:07,,,,,
9,11,2006/2/15 12:07,,,,,
10,15,2006/2/15 12:07,,,,,
11,9,2006/2/15 12:07,,,,,
12,12,2006/2/15 12:07,,,,,
13,11,2006/2/15 12:07,,,,,
14,4,2006/2/15 12:07,,,,,
15,9,2006/2/15 12:07,,,,,
16,9,2006/2/15 12:07,,,,,
17,12,2006/2/15 12:07,,,,,
18,2,2006/2/15 12:07,,,,,
19,1,2006/2/15 12:07,,,,,
20,12,2006/2/15 12:07,,,,,
21,1,2006/2/15 12:07,,,,,
22,13,2006/2/15 12:07,,,,,
23,2,2006/2/15 12:07,,,,,
24,11,2006/2/15 12:07,,,,,
25,13,2006/2/15 12:07,,,,,
26,14,2006/2/15 12:07,,,,,
27,15,2006/2/15 12:07,,,,,
28,5,2006/2/15 12:07,,,,,
29,1,2006/2/15 12:07,,,,,
30,11,2006/2/15 12:07,,,,,
31,8,2006/2/15 12:07,,,,,
32,13,2006/2/15 12:07,,,,,
33,7,2006/2/15 12:07,,,,,
34,11,2006/2/15 12:07,,,,,
35,11,2006/2/15 12:07,,,,,
36,2,2006/2/15 12:07,,,,,
37,4,2006/2/15 12:07,,,,,
38,1,2006/2/15 12:07,,,,,
39,14,2006/2/15 12:07,,,,,
40,6,2006/2/15 12:07,,,,,
41,16,2006/2/15 12:07,,,,,
42,15,2006/2/15 12:07,,,,,
43,8,2006/2/15 12:07,,,,,
44,14,2006/2/15 12:07,,,,,
45,13,2006/2/15 12:07,,,,,
46,10,2006/2/15 12:07,,,,,
47,9,2006/2/15 12:07,,,,,
48,3,2006/2/15 12:07,,,,,
49,14,2006/2/15 12:07,,,,,
50,8,2006/2/15 12:07,,,,,
51,12,2006/2/15 12:07,,,,,
52,9,2006/2/15 12:07,,,,,
53,8,2006/2/15 12:07,,,,,
54,12,2006/2/15 12:07,,,,,
55,14,2006/2/15 12:07,,,,,
56,1,2006/2/15 12:07,,,,,
57,16,2006/2/15 12:07,,,,,
58,6,2006/2/15 12:07,,,,,
59,3,2006/2/15 12:07,,,,,
60,4,2006/2/15 12:07,,,,,
61,7,2006/2/15 12:07,,,,,
62,6,2006/2/15 12:07,,,,,
63,8,2006/2/15 12:07,,,,,
64,7,2006/2/15 12:07,,,,,
65,11,2006/2/15 12:07,,,,,
66,3,2006/2/15 12:07,,,,,
67,1,2006/2/15 12:07,,,,,
68,3,2006/2/15 12:07,,,,,
69,14,2006/2/15 12:07,,,,,
70,2,2006/2/15 12:07,,,,,
71,8,2006/2/15 12:07,,,,,
72,6,2006/2/15 12:07,,,,,
73,14,2006/2/15 12:07,,,,,
74,12,2006/2/15 12:07,,,,,
75,16,2006/2/15 12:07,,,,,
76,12,2006/2/15 12:07,,,,,
77,13,2006/2/15 12:07,,,,,
78,2,2006/2/15 12:07,,,,,
79,7,2006/2/15 12:07,,,,,
80,8,2006/2/15 12:07,,,,,
81,14,2006/2/15 12:07,,,,,
82,8,2006/2/15 12:07,,,,,
83,8,2006/2/15 12:07,,,,,
84,16,2006/2/15 12:07,,,,,
85,6,2006/2/15 12:07,,,,,
86,12,2006/2/15 12:07,,,,,
87,16,2006/2/15 12:07,,,,,
88,16,2006/2/15 12:07,,,,,
89,2,2006/2/15 12:07,,,,,
90,13,2006/2/15 12:07,,,,,
91,4,2006/2/15 12:07,,,,,
92,11,2006/2/15 12:07,,,,,
93,13,2006/2/15 12:07,,,,,
94,8,2006/2/15 12:07,,,,,
95,13,2006/2/15 12:07,,,,,
96,13,2006/2/15 12:07,,,,,
97,1,2006/2/15 12:07,,,,,
98,7,2006/2/15 12:07,,,,,
99,5,2006/2/15 12:07,,,,,
100,9,2006/2/15 12:07,,,,,
101,6,2006/2/15 12:07,,,,,
102,15,2006/2/15 12:07,,,,,
103,16,2006/2/15 12:07,,,,,
104,9,2006/2/15 12:07,,,,,
105,1,2006/2/15 12:07,,,,,
106,10,2006/2/15 12:07,,,,,
107,7,2006/2/15 12:07,,,,,
108,13,2006/2/15 12:07,,,,,
109,13,2006/2/15 12:07,,,,,
110,3,2006/2/15 12:07,,,,,
111,1,2006/2/15 12:07,,,,,
112,9,2006/2/15 12:07,,,,,
113,15,2006/2/15 12:07,,,,,
114,14,2006/2/15 12:07,,,,,
115,1,2006/2/15 12:07,,,,,
116,4,2006/2/15 12:07,,,,,
117,10,2006/2/15 12:07,,,,,
118,2,2006/2/15 12:07,,,,,
119,5,2006/2/15 12:07,,,,,
120,15,2006/2/15 12:07,,,,,
121,2,2006/2/15 12:07,,,,,
122,11,2006/2/15 12:07,,,,,
123,16,2006/2/15 12:07,,,,,
124,3,2006/2/15 12:07,,,,,
125,16,2006/2/15 12:07,,,,,
126,1,2006/2/15 12:07,,,,,
127,5,2006/2/15 12:07,,,,,
128,9,2006/2/15 12:07,,,,,
129,6,2006/2/15 12:07,,,,,
130,1,2006/2/15 12:07,,,,,
131,4,2006/2/15 12:07,,,,,
132,14,2006/2/15 12:07,,,,,
133,12,2006/2/15 12:07,,,,,
134,2,2006/2/15 12:07,,,,,
135,15,2006/2/15 12:07,,,,,
136,13,2006/2/15 12:07,,,,,
137,14,2006/2/15 12:07,,,,,
138,14,2006/2/15 12:07,,,,,
139,8,2006/2/15 12:07,,,,,
140,14,2006/2/15 12:07,,,,,
141,10,2006/2/15 12:07,,,,,
142,6,2006/2/15 12:07,,,,,
143,7,2006/2/15 12:07,,,,,
144,13,2006/2/15 12:07,,,,,
145,8,2006/2/15 12:07,,,,,
146,7,2006/2/15 12:07,,,,,
147,8,2006/2/15 12:07,,,,,
148,9,2006/2/15 12:07,,,,,
149,3,2006/2/15 12:07,,,,,
150,6,2006/2/15 12:07,,,,,
151,14,2006/2/15 12:07,,,,,
152,3,2006/2/15 12:07,,,,,
153,14,2006/2/15 12:07,,,,,
154,2,2006/2/15 12:07,,,,,
155,13,2006/2/15 12:07,,,,,
156,6,2006/2/15 12:07,,,,,
157,3,2006/2/15 12:07,,,,,
158,12,2006/2/15 12:07,,,,,
159,5,2006/2/15 12:07,,,,,
160,2,2006/2/15 12:07,,,,,
161,12,2006/2/15 12:07,,,,,
162,1,2006/2/15 12:07,,,,,
163,13,2006/2/15 12:07,,,,,
164,6,2006/2/15 12:07,,,,,
165,14,2006/2/15 12:07,,,,,
166,4,2006/2/15 12:07,,,,,
167,16,2006/2/15 12:07,,,,,
168,3,2006/2/15 12:07,,,,,
169,16,2006/2/15 12:07,,,,,
170,9,2006/2/15 12:07,,,,,
171,11,2006/2/15 12:07,,,,,
172,7,2006/2/15 12:07,,,,,
173,7,2006/2/15 12:07,,,,,
174,12,2006/2/15 12:07,,,,,
175,8,2006/2/15 12:07,,,,,
176,15,2006/2/15 12:07,,,,,
177,14,2006/2/15 12:07,,,,,
178,5,2006/2/15 12:07,,,,,
179,7,2006/2/15 12:07,,,,,
180,4,2006/2/15 12:07,,,,,
181,16,2006/2/15 12:07,,,,,
182,5,2006/2/15 12:07,,,,,
183,8,2006/2/15 12:07,,,,,
184,4,2006/2/15 12:07,,,,,
185,9,2006/2/15 12:07,,,,,
186,7,2006/2/15 12:07,,,,,
187,15,2006/2/15 12:07,,,,,
188,5,2006/2/15 12:07,,,,,
189,10,2006/2/15 12:07,,,,,
190,4,2006/2/15 12:07,,,,,
191,3,2006/2/15 12:07,,,,,
192,9,2006/2/15 12:07,,,,,
193,2,2006/2/15 12:07,,,,,
194,1,2006/2/15 12:07,,,,,
195,14,2006/2/15 12:07,,,,,
196,4,2006/2/15 12:07,,,,,
197,15,2006/2/15 12:07,,,,,
198,9,2006/2/15 12:07,,,,,
199,6,2006/2/15 12:07,,,,,
200,10,2006/2/15 12:07,,,,,
201,9,2006/2/15 12:07,,,,,
202,5,2006/2/15 12:07,,,,,
203,14,2006/2/15 12:07,,,,,
204,7,2006/2/15 12:07,,,,,
205,1,2006/2/15 12:07,,,,,
206,6,2006/2/15 12:07,,,,,
207,9,2006/2/15 12:07,,,,,
208,2,2006/2/15 12:07,,,,,
209,7,2006/2/15 12:07,,,,,
210,1,2006/2/15 12:07,,,,,
211,10,2006/2/15 12:07,,,,,
212,1,2006/2/15 12:07,,,,,
213,8,2006/2/15 12:07,,,,,
214,3,2006/2/15 12:07,,,,,
215,10,2006/2/15 12:07,,,,,
216,13,2006/2/15 12:07,,,,,
217,10,2006/2/15 12:07,,,,,
218,7,2006/2/15 12:07,,,,,
219,6,2006/2/15 12:07,,,,,
220,12,2006/2/15 12:07,,,,,
221,6,2006/2/15 12:07,,,,,
222,11,2006/2/15 12:07,,,,,
223,2,2006/2/15 12:07,,,,,
224,16,2006/2/15 12:07,,,,,
225,7,2006/2/15 12:07,,,,,
226,13,2006/2/15 12:07,,,,,
227,10,2006/2/15 12:07,,,,,
228,4,2006/2/15 12:07,,,,,
229,1,2006/2/15 12:07,,,,,
230,7,2006/2/15 12:07,,,,,
231,8,2006/2/15 12:07,,,,,
232,10,2006/2/15 12:07,,,,,
233,16,2006/2/15 12:07,,,,,
234,14,2006/2/15 12:07,,,,,
235,14,2006/2/15 12:07,,,,,
236,10,2006/2/15 12:07,,,,,
237,15,2006/2/15 12:07,,,,,
238,3,2006/2/15 12:07,,,,,
239,2,2006/2/15 12:07,,,,,
240,14,2006/2/15 12:07,,,,,
241,2,2006/2/15 12:07,,,,,
242,5,2006/2/15 12:07,,,,,
243,2,2006/2/15 12:07,,,,,
244,12,2006/2/15 12:07,,,,,
245,2,2006/2/15 12:07,,,,,
246,9,2006/2/15 12:07,,,,,
247,5,2006/2/15 12:07,,,,,
248,6,2006/2/15 12:07,,,,,
249,4,2006/2/15 12:07,,,,,
250,1,2006/2/15 12:07,,,,,
251,13,2006/2/15 12:07,,,,,
252,1,2006/2/15 12:07,,,,,
253,1,2006/2/15 12:07,,,,,
254,15,2006/2/15 12:07,,,,,
255,12,2006/2/15 12:07,,,,,
256,15,2006/2/15 12:07,,,,,
257,16,2006/2/15 12:07,,,,,
258,11,2006/2/15 12:07,,,,,
259,2,2006/2/15 12:07,,,,,
260,15,2006/2/15 12:07,,,,,
261,6,2006/2/15 12:07,,,,,
262,8,2006/2/15 12:07,,,,,
263,15,2006/2/15 12:07,,,,,
264,10,2006/2/15 12:07,,,,,
265,5,2006/2/15 12:07,,,,,
266,4,2006/2/15 12:07,,,,,
267,13,2006/2/15 12:07,,,,,
268,2,2006/2/15 12:07,,,,,
269,8,2006/2/15 12:07,,,,,
270,13,2006/2/15 12:07,,,,,
271,1,2006/2/15 12:07,,,,,
272,7,2006/2/15 12:07,,,,,
273,8,2006/2/15 12:07,,,,,
274,6,2006/2/15 12:07,,,,,
275,11,2006/2/15 12:07,,,,,
276,5,2006/2/15 12:07,,,,,
277,11,2006/2/15 12:07,,,,,
278,12,2006/2/15 12:07,,,,,
279,15,2006/2/15 12:07,,,,,
280,3,2006/2/15 12:07,,,,,
281,10,2006/2/15 12:07,,,,,
282,7,2006/2/15 12:07,,,,,
283,13,2006/2/15 12:07,,,,,
284,12,2006/2/15 12:07,,,,,
285,14,2006/2/15 12:07,,,,,
286,16,2006/2/15 12:07,,,,,
287,1,2006/2/15 12:07,,,,,
288,16,2006/2/15 12:07,,,,,
289,13,2006/2/15 12:07,,,,,
290,9,2006/2/15 12:07,,,,,
291,15,2006/2/15 12:07,,,,,
292,1,2006/2/15 12:07,,,,,
293,15,2006/2/15 12:07,,,,,
294,16,2006/2/15 12:07,,,,,
295,6,2006/2/15 12:07,,,,,
296,14,2006/2/15 12:07,,,,,
297,4,2006/2/15 12:07,,,,,
298,14,2006/2/15 12:07,,,,,
299,16,2006/2/15 12:07,,,,,
300,2,2006/2/15 12:07,,,,,
301,11,2006/2/15 12:07,,,,,
302,10,2006/2/15 12:07,,,,,
303,1,2006/2/15 12:07,,,,,
304,3,2006/2/15 12:07,,,,,
305,13,2006/2/15 12:07,,,,,
306,10,2006/2/15 12:07,,,,,
307,16,2006/2/15 12:07,,,,,
308,5,2006/2/15 12:07,,,,,
309,8,2006/2/15 12:07,,,,,
310,10,2006/2/15 12:07,,,,,
311,9,2006/2/15 12:07,,,,,
312,14,2006/2/15 12:07,,,,,
313,11,2006/2/15 12:07,,,,,
314,2,2006/2/15 12:07,,,,,
315,8,2006/2/15 12:07,,,,,
316,10,2006/2/15 12:07,,,,,
317,5,2006/2/15 12:07,,,,,
318,1,2006/2/15 12:07,,,,,
319,14,2006/2/15 12:07,,,,,
320,13,2006/2/15 12:07,,,,,
321,13,2006/2/15 12:07,,,,,
322,15,2006/2/15 12:07,,,,,
323,15,2006/2/15 12:07,,,,,
324,5,2006/2/15 12:07,,,,,
325,2,2006/2/15 12:07,,,,,
326,2,2006/2/15 12:07,,,,,
327,1,2006/2/15 12:07,,,,,
328,3,2006/2/15 12:07,,,,,
329,1,2006/2/15 12:07,,,,,
330,2,2006/2/15 12:07,,,,,
331,10,2006/2/15 12:07,,,,,
332,5,2006/2/15 12:07,,,,,
333,12,2006/2/15 12:07,,,,,
334,11,2006/2/15 12:07,,,,,
335,5,2006/2/15 12:07,,,,,
336,6,2006/2/15 12:07,,,,,
337,9,2006/2/15 12:07,,,,,
338,14,2006/2/15 12:07,,,,,
339,16,2006/2/15 12:07,,,,,
340,13,2006/2/15 12:07,,,,,
341,4,2006/2/15 12:07,,,,,
342,16,2006/2/15 12:07,,,,,
343,3,2006/2/15 12:07,,,,,
344,3,2006/2/15 12:07,,,,,
345,8,2006/2/15 12:07,,,,,
346,4,2006/2/15 12:07,,,,,
347,16,2006/2/15 12:07,,,,,
348,8,2006/2/15 12:07,,,,,
349,2,2006/2/15 12:07,,,,,
350,14,2006/2/15 12:07,,,,,
351,11,2006/2/15 12:07,,,,,
352,10,2006/2/15 12:07,,,,,
353,9,2006/2/15 12:07,,,,,
354,3,2006/2/15 12:07,,,,,
355,2,2006/2/15 12:07,,,,,
356,3,2006/2/15 12:07,,,,,
357,4,2006/2/15 12:07,,,,,
358,4,2006/2/15 12:07,,,,,
359,8,2006/2/15 12:07,,,,,
360,1,2006/2/15 12:07,,,,,
361,15,2006/2/15 12:07,,,,,
362,10,2006/2/15 12:07,,,,,
363,12,2006/2/15 12:07,,,,,
364,13,2006/2/15 12:07,,,,,
365,5,2006/2/15 12:07,,,,,
366,7,2006/2/15 12:07,,,,,
367,14,2006/2/15 12:07,,,,,
368,7,2006/2/15 12:07,,,,,
369,14,2006/2/15 12:07,,,,,
370,3,2006/2/15 12:07,,,,,
371,1,2006/2/15 12:07,,,,,
372,15,2006/2/15 12:07,,,,,
373,3,2006/2/15 12:07,,,,,
374,14,2006/2/15 12:07,,,,,
375,1,2006/2/15 12:07,,,,,
376,9,2006/2/15 12:07,,,,,
377,8,2006/2/15 12:07,,,,,
378,12,2006/2/15 12:07,,,,,
379,7,2006/2/15 12:07,,,,,
380,9,2006/2/15 12:07,,,,,
381,10,2006/2/15 12:07,,,,,
382,10,2006/2/15 12:07,,,,,
383,15,2006/2/15 12:07,,,,,
384,12,2006/2/15 12:07,,,,,
385,5,2006/2/15 12:07,,,,,
386,16,2006/2/15 12:07,,,,,
387,10,2006/2/15 12:07,,,,,
388,5,2006/2/15 12:07,,,,,
389,15,2006/2/15 12:07,,,,,
390,14,2006/2/15 12:07,,,,,
391,8,2006/2/15 12:07,,,,,
392,3,2006/2/15 12:07,,,,,
393,6,2006/2/15 12:07,,,,,
394,14,2006/2/15 12:07,,,,,
395,1,2006/2/15 12:07,,,,,
396,7,2006/2/15 12:07,,,,,
397,14,2006/2/15 12:07,,,,,
398,12,2006/2/15 12:07,,,,,
399,9,2006/2/15 12:07,,,,,
400,6,2006/2/15 12:07,,,,,
401,7,2006/2/15 12:07,,,,,
402,2,2006/2/15 12:07,,,,,
403,7,2006/2/15 12:07,,,,,
404,5,2006/2/15 12:07,,,,,
405,16,2006/2/15 12:07,,,,,
406,10,2006/2/15 12:07,,,,,
407,6,2006/2/15 12:07,,,,,
408,10,2006/2/15 12:07,,,,,
409,3,2006/2/15 12:07,,,,,
410,5,2006/2/15 12:07,,,,,
411,12,2006/2/15 12:07,,,,,
412,6,2006/2/15 12:07,,,,,
413,5,2006/2/15 12:07,,,,,
414,9,2006/2/15 12:07,,,,,
415,11,2006/2/15 12:07,,,,,
416,9,2006/2/15 12:07,,,,,
417,1,2006/2/15 12:07,,,,,
418,7,2006/2/15 12:07,,,,,
419,8,2006/2/15 12:07,,,,,
420,15,2006/2/15 12:07,,,,,
421,9,2006/2/15 12:07,,,,,
422,14,2006/2/15 12:07,,,,,
423,3,2006/2/15 12:07,,,,,
424,3,2006/2/15 12:07,,,,,
425,4,2006/2/15 12:07,,,,,
426,12,2006/2/15 12:07,,,,,
427,6,2006/2/15 12:07,,,,,
428,8,2006/2/15 12:07,,,,,
429,15,2006/2/15 12:07,,,,,
430,2,2006/2/15 12:07,,,,,
431,9,2006/2/15 12:07,,,,,
432,4,2006/2/15 12:07,,,,,
433,2,2006/2/15 12:07,,,,,
434,16,2006/2/15 12:07,,,,,
435,9,2006/2/15 12:07,,,,,
436,13,2006/2/15 12:07,,,,,
437,8,2006/2/15 12:07,,,,,
438,10,2006/2/15 12:07,,,,,
439,7,2006/2/15 12:07,,,,,
440,9,2006/2/15 12:07,,,,,
441,6,2006/2/15 12:07,,,,,
442,8,2006/2/15 12:07,,,,,
443,5,2006/2/15 12:07,,,,,
444,5,2006/2/15 12:07,,,,,
445,4,2006/2/15 12:07,,,,,
446,15,2006/2/15 12:07,,,,,
447,10,2006/2/15 12:07,,,,,
448,13,2006/2/15 12:07,,,,,
449,14,2006/2/15 12:07,,,,,
450,3,2006/2/15 12:07,,,,,
451,16,2006/2/15 12:07,,,,,
452,9,2006/2/15 12:07,,,,,
453,15,2006/2/15 12:07,,,,,
454,12,2006/2/15 12:07,,,,,
455,9,2006/2/15 12:07,,,,,
456,2,2006/2/15 12:07,,,,,
457,6,2006/2/15 12:07,,,,,
458,8,2006/2/15 12:07,,,,,
459,9,2006/2/15 12:07,,,,,
460,9,2006/2/15 12:07,,,,,
461,2,2006/2/15 12:07,,,,,
462,12,2006/2/15 12:07,,,,,
463,15,2006/2/15 12:07,,,,,
464,2,2006/2/15 12:07,,,,,
465,13,2006/2/15 12:07,,,,,
466,6,2006/2/15 12:07,,,,,
467,9,2006/2/15 12:07,,,,,
468,3,2006/2/15 12:07,,,,,
469,4,2006/2/15 12:07,,,,,
470,2,2006/2/15 12:07,,,,,
471,4,2006/2/15 12:07,,,,,
472,16,2006/2/15 12:07,,,,,
473,7,2006/2/15 12:07,,,,,
474,15,2006/2/15 12:07,,,,,
475,11,2006/2/15 12:07,,,,,
476,8,2006/2/15 12:07,,,,,
477,12,2006/2/15 12:07,,,,,
478,5,2006/2/15 12:07,,,,,
479,8,2006/2/15 12:07,,,,,
480,4,2006/2/15 12:07,,,,,
481,13,2006/2/15 12:07,,,,,
482,4,2006/2/15 12:07,,,,,
483,10,2006/2/15 12:07,,,,,
484,4,2006/2/15 12:07,,,,,
485,3,2006/2/15 12:07,,,,,
486,9,2006/2/15 12:07,,,,,
487,4,2006/2/15 12:07,,,,,
488,15,2006/2/15 12:07,,,,,
489,2,2006/2/15 12:07,,,,,
490,13,2006/2/15 12:07,,,,,
491,3,2006/2/15 12:07,,,,,
492,13,2006/2/15 12:07,,,,,
493,9,2006/2/15 12:07,,,,,
494,11,2006/2/15 12:07,,,,,
495,11,2006/2/15 12:07,,,,,
496,16,2006/2/15 12:07,,,,,
497,6,2006/2/15 12:07,,,,,
498,8,2006/2/15 12:07,,,,,
499,8,2006/2/15 12:07,,,,,
500,9,2006/2/15 12:07,,,,,
501,1,2006/2/15 12:07,,,,,
502,5,2006/2/15 12:07,,,,,
503,15,2006/2/15 12:07,,,,,
504,7,2006/2/15 12:07,,,,,
505,3,2006/2/15 12:07,,,,,
506,11,2006/2/15 12:07,,,,,
507,10,2006/2/15 12:07,,,,,
508,10,2006/2/15 12:07,,,,,
509,3,2006/2/15 12:07,,,,,
510,2,2006/2/15 12:07,,,,,
511,1,2006/2/15 12:07,,,,,
512,4,2006/2/15 12:07,,,,,
513,16,2006/2/15 12:07,,,,,
514,7,2006/2/15 12:07,,,,,
515,3,2006/2/15 12:07,,,,,
516,12,2006/2/15 12:07,,,,,
517,15,2006/2/15 12:07,,,,,
518,16,2006/2/15 12:07,,,,,
519,15,2006/2/15 12:07,,,,,
520,14,2006/2/15 12:07,,,,,
521,7,2006/2/15 12:07,,,,,
522,5,2006/2/15 12:07,,,,,
523,4,2006/2/15 12:07,,,,,
524,5,2006/2/15 12:07,,,,,
525,4,2006/2/15 12:07,,,,,
526,16,2006/2/15 12:07,,,,,
527,11,2006/2/15 12:07,,,,,
528,8,2006/2/15 12:07,,,,,
529,5,2006/2/15 12:07,,,,,
530,1,2006/2/15 12:07,,,,,
531,9,2006/2/15 12:07,,,,,
532,15,2006/2/15 12:07,,,,,
533,9,2006/2/15 12:07,,,,,
534,8,2006/2/15 12:07,,,,,
535,11,2006/2/15 12:07,,,,,
536,4,2006/2/15 12:07,,,,,
537,4,2006/2/15 12:07,,,,,
538,13,2006/2/15 12:07,,,,,
539,7,2006/2/15 12:07,,,,,
540,12,2006/2/15 12:07,,,,,
541,2,2006/2/15 12:07,,,,,
542,1,2006/2/15 12:07,,,,,
543,16,2006/2/15 12:07,,,,,
544,6,2006/2/15 12:07,,,,,
545,9,2006/2/15 12:07,,,,,
546,10,2006/2/15 12:07,,,,,
547,3,2006/2/15 12:07,,,,,
548,4,2006/2/15 12:07,,,,,
549,1,2006/2/15 12:07,,,,,
550,8,2006/2/15 12:07,,,,,
551,13,2006/2/15 12:07,,,,,
552,6,2006/2/15 12:07,,,,,
553,3,2006/2/15 12:07,,,,,
554,4,2006/2/15 12:07,,,,,
555,5,2006/2/15 12:07,,,,,
556,10,2006/2/15 12:07,,,,,
557,8,2006/2/15 12:07,,,,,
558,13,2006/2/15 12:07,,,,,
559,14,2006/2/15 12:07,,,,,
560,10,2006/2/15 12:07,,,,,
561,13,2006/2/15 12:07,,,,,
562,12,2006/2/15 12:07,,,,,
563,10,2006/2/15 12:07,,,,,
564,2,2006/2/15 12:07,,,,,
565,9,2006/2/15 12:07,,,,,
566,9,2006/2/15 12:07,,,,,
567,9,2006/2/15 12:07,,,,,
568,5,2006/2/15 12:07,,,,,
569,2,2006/2/15 12:07,,,,,
570,15,2006/2/15 12:07,,,,,
571,6,2006/2/15 12:07,,,,,
572,14,2006/2/15 12:07,,,,,
573,3,2006/2/15 12:07,,,,,
574,1,2006/2/15 12:07,,,,,
575,6,2006/2/15 12:07,,,,,
576,6,2006/2/15 12:07,,,,,
577,15,2006/2/15 12:07,,,,,
578,4,2006/2/15 12:07,,,,,
579,1,2006/2/15 12:07,,,,,
580,13,2006/2/15 12:07,,,,,
581,12,2006/2/15 12:07,,,,,
582,2,2006/2/15 12:07,,,,,
583,2,2006/2/15 12:07,,,,,
584,9,2006/2/15 12:07,,,,,
585,7,2006/2/15 12:07,,,,,
586,1,2006/2/15 12:07,,,,,
587,6,2006/2/15 12:07,,,,,
588,3,2006/2/15 12:07,,,,,
589,6,2006/2/15 12:07,,,,,
590,13,2006/2/15 12:07,,,,,
591,10,2006/2/15 12:07,,,,,
592,12,2006/2/15 12:07,,,,,
593,11,2006/2/15 12:07,,,,,
594,1,2006/2/15 12:07,,,,,
595,9,2006/2/15 12:07,,,,,
596,10,2006/2/15 12:07,,,,,
597,10,2006/2/15 12:07,,,,,
598,15,2006/2/15 12:07,,,,,
599,15,2006/2/15 12:07,,,,,
600,11,2006/2/15 12:07,,,,,
601,16,2006/2/15 12:07,,,,,
602,14,2006/2/15 12:07,,,,,
603,8,2006/2/15 12:07,,,,,
604,5,2006/2/15 12:07,,,,,
605,9,2006/2/15 12:07,,,,,
606,15,2006/2/15 12:07,,,,,
607,9,2006/2/15 12:07,,,,,
608,3,2006/2/15 12:07,,,,,
609,16,2006/2/15 12:07,,,,,
610,8,2006/2/15 12:07,,,,,
611,4,2006/2/15 12:07,,,,,
612,15,2006/2/15 12:07,,,,,
613,5,2006/2/15 12:07,,,,,
614,10,2006/2/15 12:07,,,,,
615,2,2006/2/15 12:07,,,,,
616,6,2006/2/15 12:07,,,,,
617,8,2006/2/15 12:07,,,,,
618,7,2006/2/15 12:07,,,,,
619,15,2006/2/15 12:07,,,,,
620,14,2006/2/15 12:07,,,,,
621,8,2006/2/15 12:07,,,,,
622,6,2006/2/15 12:07,,,,,
623,9,2006/2/15 12:07,,,,,
624,10,2006/2/15 12:07,,,,,
625,14,2006/2/15 12:07,,,,,
626,3,2006/2/15 12:07,,,,,
627,6,2006/2/15 12:07,,,,,
628,15,2006/2/15 12:07,,,,,
629,6,2006/2/15 12:07,,,,,
630,7,2006/2/15 12:07,,,,,
631,15,2006/2/15 12:07,,,,,
632,13,2006/2/15 12:07,,,,,
633,4,2006/2/15 12:07,,,,,
634,8,2006/2/15 12:07,,,,,
635,13,2006/2/15 12:07,,,,,
636,12,2006/2/15 12:07,,,,,
637,14,2006/2/15 12:07,,,,,
638,5,2006/2/15 12:07,,,,,
639,8,2006/2/15 12:07,,,,,
640,9,2006/2/15 12:07,,,,,
641,9,2006/2/15 12:07,,,,,
642,16,2006/2/15 12:07,,,,,
643,7,2006/2/15 12:07,,,,,
644,2,2006/2/15 12:07,,,,,
645,16,2006/2/15 12:07,,,,,
646,10,2006/2/15 12:07,,,,,
647,12,2006/2/15 12:07,,,,,
648,16,2006/2/15 12:07,,,,,
649,2,2006/2/15 12:07,,,,,
650,6,2006/2/15 12:07,,,,,
651,2,2006/2/15 12:07,,,,,
652,4,2006/2/15 12:07,,,,,
653,11,2006/2/15 12:07,,,,,
654,10,2006/2/15 12:07,,,,,
655,14,2006/2/15 12:07,,,,,
656,16,2006/2/15 12:07,,,,,
657,5,2006/2/15 12:07,,,,,
658,11,2006/2/15 12:07,,,,,
659,1,2006/2/15 12:07,,,,,
660,5,2006/2/15 12:07,,,,,
661,9,2006/2/15 12:07,,,,,
662,7,2006/2/15 12:07,,,,,
663,4,2006/2/15 12:07,,,,,
664,1,2006/2/15 12:07,,,,,
665,11,2006/2/15 12:07,,,,,
666,7,2006/2/15 12:07,,,,,
667,15,2006/2/15 12:07,,,,,
668,15,2006/2/15 12:07,,,,,
669,9,2006/2/15 12:07,,,,,
670,6,2006/2/15 12:07,,,,,
671,15,2006/2/15 12:07,,,,,
672,5,2006/2/15 12:07,,,,,
673,12,2006/2/15 12:07,,,,,
674,9,2006/2/15 12:07,,,,,
675,13,2006/2/15 12:07,,,,,
676,15,2006/2/15 12:07,,,,,
677,13,2006/2/15 12:07,,,,,
678,15,2006/2/15 12:07,,,,,
679,8,2006/2/15 12:07,,,,,
680,5,2006/2/15 12:07,,,,,
681,15,2006/2/15 12:07,,,,,
682,8,2006/2/15 12:07,,,,,
683,7,2006/2/15 12:07,,,,,
684,10,2006/2/15 12:07,,,,,
685,13,2006/2/15 12:07,,,,,
686,13,2006/2/15 12:07,,,,,
687,6,2006/2/15 12:07,,,,,
688,3,2006/2/15 12:07,,,,,
689,9,2006/2/15 12:07,,,,,
690,2,2006/2/15 12:07,,,,,
691,15,2006/2/15 12:07,,,,,
692,2,2006/2/15 12:07,,,,,
693,2,2006/2/15 12:07,,,,,
694,4,2006/2/15 12:07,,,,,
695,8,2006/2/15 12:07,,,,,
696,2,2006/2/15 12:07,,,,,
697,1,2006/2/15 12:07,,,,,
698,6,2006/2/15 12:07,,,,,
699,10,2006/2/15 12:07,,,,,
700,8,2006/2/15 12:07,,,,,
701,10,2006/2/15 12:07,,,,,
702,11,2006/2/15 12:07,,,,,
703,2,2006/2/15 12:07,,,,,
704,5,2006/2/15 12:07,,,,,
705,9,2006/2/15 12:07,,,,,
706,7,2006/2/15 12:07,,,,,
707,1,2006/2/15 12:07,,,,,
708,6,2006/2/15 12:07,,,,,
709,7,2006/2/15 12:07,,,,,
710,8,2006/2/15 12:07,,,,,
711,14,2006/2/15 12:07,,,,,
712,6,2006/2/15 12:07,,,,,
713,6,2006/2/15 12:07,,,,,
714,14,2006/2/15 12:07,,,,,
715,8,2006/2/15 12:07,,,,,
716,11,2006/2/15 12:07,,,,,
717,1,2006/2/15 12:07,,,,,
718,12,2006/2/15 12:07,,,,,
719,15,2006/2/15 12:07,,,,,
720,13,2006/2/15 12:07,,,,,
721,12,2006/2/15 12:07,,,,,
722,11,2006/2/15 12:07,,,,,
723,14,2006/2/15 12:07,,,,,
724,8,2006/2/15 12:07,,,,,
725,4,2006/2/15 12:07,,,,,
726,9,2006/2/15 12:07,,,,,
727,8,2006/2/15 12:07,,,,,
728,7,2006/2/15 12:07,,,,,
729,15,2006/2/15 12:07,,,,,
730,13,2006/2/15 12:07,,,,,
731,4,2006/2/15 12:07,,,,,
732,1,2006/2/15 12:07,,,,,
733,15,2006/2/15 12:07,,,,,
734,6,2006/2/15 12:07,,,,,
735,3,2006/2/15 12:07,,,,,
736,8,2006/2/15 12:07,,,,,
737,11,2006/2/15 12:07,,,,,
738,9,2006/2/15 12:07,,,,,
739,7,2006/2/15 12:07,,,,,
740,11,2006/2/15 12:07,,,,,
741,12,2006/2/15 12:07,,,,,
742,10,2006/2/15 12:07,,,,,
743,2,2006/2/15 12:07,,,,,
744,4,2006/2/15 12:07,,,,,
745,15,2006/2/15 12:07,,,,,
746,10,2006/2/15 12:07,,,,,
747,10,2006/2/15 12:07,,,,,
748,1,2006/2/15 12:07,,,,,
749,11,2006/2/15 12:07,,,,,
750,13,2006/2/15 12:07,,,,,
751,13,2006/2/15 12:07,,,,,
752,12,2006/2/15 12:07,,,,,
753,8,2006/2/15 12:07,,,,,
754,5,2006/2/15 12:07,,,,,
755,3,2006/2/15 12:07,,,,,
756,5,2006/2/15 12:07,,,,,
757,6,2006/2/15 12:07,,,,,
758,7,2006/2/15 12:07,,,,,
759,13,2006/2/15 12:07,,,,,
760,13,2006/2/15 12:07,,,,,
761,3,2006/2/15 12:07,,,,,
762,10,2006/2/15 12:07,,,,,
763,15,2006/2/15 12:07,,,,,
764,15,2006/2/15 12:07,,,,,
765,5,2006/2/15 12:07,,,,,
766,7,2006/2/15 12:07,,,,,
767,12,2006/2/15 12:07,,,,,
768,3,2006/2/15 12:07,,,,,
769,9,2006/2/15 12:07,,,,,
770,9,2006/2/15 12:07,,,,,
771,7,2006/2/15 12:07,,,,,
772,7,2006/2/15 12:07,,,,,
773,15,2006/2/15 12:07,,,,,
774,5,2006/2/15 12:07,,,,,
775,7,2006/2/15 12:07,,,,,
776,6,2006/2/15 12:07,,,,,
777,15,2006/2/15 12:07,,,,,
778,8,2006/2/15 12:07,,,,,
779,15,2006/2/15 12:07,,,,,
780,8,2006/2/15 12:07,,,,,
781,10,2006/2/15 12:07,,,,,
782,15,2006/2/15 12:07,,,,,
783,16,2006/2/15 12:07,,,,,
784,16,2006/2/15 12:07,,,,,
785,16,2006/2/15 12:07,,,,,
786,3,2006/2/15 12:07,,,,,
787,16,2006/2/15 12:07,,,,,
788,6,2006/2/15 12:07,,,,,
789,9,2006/2/15 12:07,,,,,
790,7,2006/2/15 12:07,,,,,
791,6,2006/2/15 12:07,,,,,
792,9,2006/2/15 12:07,,,,,
793,1,2006/2/15 12:07,,,,,
794,1,2006/2/15 12:07,,,,,
795,8,2006/2/15 12:07,,,,,
796,15,2006/2/15 12:07,,,,,
797,12,2006/2/15 12:07,,,,,
798,14,2006/2/15 12:07,,,,,
799,11,2006/2/15 12:07,,,,,
800,11,2006/2/15 12:07,,,,,
801,3,2006/2/15 12:07,,,,,
802,1,2006/2/15 12:07,,,,,
803,7,2006/2/15 12:07,,,,,
804,11,2006/2/15 12:07,,,,,
805,2,2006/2/15 12:07,,,,,
806,13,2006/2/15 12:07,,,,,
807,10,2006/2/15 12:07,,,,,
808,4,2006/2/15 12:07,,,,,
809,15,2006/2/15 12:07,,,,,
810,8,2006/2/15 12:07,,,,,
811,16,2006/2/15 12:07,,,,,
812,6,2006/2/15 12:07,,,,,
813,15,2006/2/15 12:07,,,,,
814,5,2006/2/15 12:07,,,,,
815,4,2006/2/15 12:07,,,,,
816,2,2006/2/15 12:07,,,,,
817,14,2006/2/15 12:07,,,,,
818,7,2006/2/15 12:07,,,,,
819,12,2006/2/15 12:07,,,,,
820,2,2006/2/15 12:07,,,,,
821,9,2006/2/15 12:07,,,,,
822,8,2006/2/15 12:07,,,,,
823,1,2006/2/15 12:07,,,,,
824,8,2006/2/15 12:07,,,,,
825,1,2006/2/15 12:07,,,,,
826,16,2006/2/15 12:07,,,,,
827,7,2006/2/15 12:07,,,,,
828,4,2006/2/15 12:07,,,,,
829,8,2006/2/15 12:07,,,,,
830,11,2006/2/15 12:07,,,,,
831,14,2006/2/15 12:07,,,,,
832,8,2006/2/15 12:07,,,,,
833,3,2006/2/15 12:07,,,,,
834,6,2006/2/15 12:07,,,,,
835,10,2006/2/15 12:07,,,,,
836,15,2006/2/15 12:07,,,,,
837,5,2006/2/15 12:07,,,,,
838,1,2006/2/15 12:07,,,,,
839,14,2006/2/15 12:07,,,,,
840,10,2006/2/15 12:07,,,,,
841,15,2006/2/15 12:07,,,,,
842,10,2006/2/15 12:07,,,,,
843,4,2006/2/15 12:07,,,,,
844,15,2006/2/15 12:07,,,,,
845,9,2006/2/15 12:07,,,,,
846,13,2006/2/15 12:07,,,,,
847,13,2006/2/15 12:07,,,,,
848,16,2006/2/15 12:07,,,,,
849,2,2006/2/15 12:07,,,,,
850,1,2006/2/15 12:07,,,,,
851,15,2006/2/15 12:07,,,,,
852,3,2006/2/15 12:07,,,,,
853,3,2006/2/15 12:07,,,,,
854,11,2006/2/15 12:07,,,,,
855,6,2006/2/15 12:07,,,,,
856,11,2006/2/15 12:07,,,,,
857,5,2006/2/15 12:07,,,,,
858,5,2006/2/15 12:07,,,,,
859,2,2006/2/15 12:07,,,,,
860,14,2006/2/15 12:07,,,,,
861,10,2006/2/15 12:07,,,,,
862,4,2006/2/15 12:07,,,,,
863,14,2006/2/15 12:07,,,,,
864,3,2006/2/15 12:07,,,,,
865,2,2006/2/15 12:07,,,,,
866,8,2006/2/15 12:07,,,,,
867,8,2006/2/15 12:07,,,,,
868,16,2006/2/15 12:07,,,,,
869,1,2006/2/15 12:07,,,,,
870,11,2006/2/15 12:07,,,,,
871,5,2006/2/15 12:07,,,,,
872,16,2006/2/15 12:07,,,,,
873,3,2006/2/15 12:07,,,,,
874,4,2006/2/15 12:07,,,,,
875,15,2006/2/15 12:07,,,,,
876,11,2006/2/15 12:07,,,,,
877,12,2006/2/15 12:07,,,,,
878,16,2006/2/15 12:07,,,,,
879,12,2006/2/15 12:07,,,,,
880,2,2006/2/15 12:07,,,,,
881,11,2006/2/15 12:07,,,,,
882,7,2006/2/15 12:07,,,,,
883,3,2006/2/15 12:07,,,,,
884,12,2006/2/15 12:07,,,,,
885,11,2006/2/15 12:07,,,,,
886,2,2006/2/15 12:07,,,,,
887,2,2006/2/15 12:07,,,,,
888,6,2006/2/15 12:07,,,,,
889,3,2006/2/15 12:07,,,,,
890,15,2006/2/15 12:07,,,,,
891,4,2006/2/15 12:07,,,,,
892,2,2006/2/15 12:07,,,,,
893,14,2006/2/15 12:07,,,,,
894,16,2006/2/15 12:07,,,,,
895,4,2006/2/15 12:07,,,,,
896,3,2006/2/15 12:07,,,,,
897,7,2006/2/15 12:07,,,,,
898,15,2006/2/15 12:07,,,,,
899,4,2006/2/15 12:07,,,,,
900,9,2006/2/15 12:07,,,,,
901,2,2006/2/15 12:07,,,,,
902,15,2006/2/15 12:07,,,,,
903,16,2006/2/15 12:07,,,,,
904,11,2006/2/15 12:07,,,,,
905,5,2006/2/15 12:07,,,,,
906,5,2006/2/15 12:07,,,,,
907,7,2006/2/15 12:07,,,,,
908,9,2006/2/15 12:07,,,,,
909,11,2006/2/15 12:07,,,,,
910,7,2006/2/15 12:07,,,,,
911,1,2006/2/15 12:07,,,,,
912,14,2006/2/15 12:07,,,,,
913,13,2006/2/15 12:07,,,,,
914,16,2006/2/15 12:07,,,,,
915,1,2006/2/15 12:07,,,,,
916,2,2006/2/15 12:07,,,,,
917,15,2006/2/15 12:07,,,,,
918,3,2006/2/15 12:07,,,,,
919,10,2006/2/15 12:07,,,,,
920,13,2006/2/15 12:07,,,,,
921,12,2006/2/15 12:07,,,,,
922,11,2006/2/15 12:07,,,,,
923,7,2006/2/15 12:07,,,,,
924,14,2006/2/15 12:07,,,,,
925,6,2006/2/15 12:07,,,,,
926,6,2006/2/15 12:07,,,,,
927,1,2006/2/15 12:07,,,,,
928,3,2006/2/15 12:07,,,,,
929,9,2006/2/15 12:07,,,,,
930,14,2006/2/15 12:07,,,,,
931,16,2006/2/15 12:07,,,,,
932,5,2006/2/15 12:07,,,,,
933,13,2006/2/15 12:07,,,,,
934,10,2006/2/15 12:07,,,,,
935,13,2006/2/15 12:07,,,,,
936,12,2006/2/15 12:07,,,,,
937,13,2006/2/15 12:07,,,,,
938,5,2006/2/15 12:07,,,,,
939,5,2006/2/15 12:07,,,,,
940,15,2006/2/15 12:07,,,,,
941,10,2006/2/15 12:07,,,,,
942,7,2006/2/15 12:07,,,,,
943,6,2006/2/15 12:07,,,,,
944,7,2006/2/15 12:07,,,,,
945,6,2006/2/15 12:07,,,,,
946,8,2006/2/15 12:07,,,,,
947,9,2006/2/15 12:07,,,,,
948,13,2006/2/15 12:07,,,,,
949,10,2006/2/15 12:07,,,,,
950,4,2006/2/15 12:07,,,,,
951,4,2006/2/15 12:07,,,,,
952,6,2006/2/15 12:07,,,,,
953,2,2006/2/15 12:07,,,,,
954,13,2006/2/15 12:07,,,,,
955,3,2006/2/15 12:07,,,,,
956,10,2006/2/15 12:07,,,,,
957,9,2006/2/15 12:07,,,,,
958,7,2006/2/15 12:07,,,,,
959,3,2006/2/15 12:07,,,,,
960,6,2006/2/15 12:07,,,,,
961,9,2006/2/15 12:07,,,,,
962,4,2006/2/15 12:07,,,,,
963,2,2006/2/15 12:07,,,,,
964,1,2006/2/15 12:07,,,,,
965,11,2006/2/15 12:07,,,,,
966,6,2006/2/15 12:07,,,,,
967,14,2006/2/15 12:07,,,,,
968,1,2006/2/15 12:07,,,,,
969,7,2006/2/15 12:07,,,,,
970,4,2006/2/15 12:07,,,,,
971,9,2006/2/15 12:07,,,,,
972,14,2006/2/15 12:07,,,,,
973,6,2006/2/15 12:07,,,,,
974,13,2006/2/15 12:07,,,,,
975,8,2006/2/15 12:07,,,,,
976,10,2006/2/15 12:07,,,,,
977,16,2006/2/15 12:07,,,,,
978,5,2006/2/15 12:07,,,,,
979,7,2006/2/15 12:07,,,,,
980,12,2006/2/15 12:07,,,,,
981,16,2006/2/15 12:07,,,,,
982,1,2006/2/15 12:07,,,,,
983,12,2006/2/15 12:07,,,,,
984,9,2006/2/15 12:07,,,,,
985,14,2006/2/15 12:07,,,,,
986,2,2006/2/15 12:07,,,,,
987,12,2006/2/15 12:07,,,,,
988,16,2006/2/15 12:07,,,,,
989,16,2006/2/15 12:07,,,,,
990,11,2006/2/15 12:07,,,,,
991,1,2006/2/15 12:07,,,,,
992,6,2006/2/15 12:07,,,,,
993,3,2006/2/15 12:07,,,,,
994,13,2006/2/15 12:07,,,,,
995,11,2006/2/15 12:07,,,,,
996,6,2006/2/15 12:07,,,,,
997,12,2006/2/15 12:07,,,,,
998,11,2006/2/15 12:07,,,,,
999,3,2006/2/15 12:07,,,,,
1000,5,2006/2/15 12:07,,,,,
